Model,Dataset,ModelType,Version,test_loss,test_mae,Budget
RegressionConv,W1_10,conv_100K,version_0,0.2544580101966858,0.4012315571308136,128
RegressionConv,W1_10,conv_100K,version_1,0.24746984243392944,0.3862988352775574,128
RegressionConv,W1_10,conv_100K,version_2,0.2358660101890564,0.38166630268096924,128
RegressionConv,W1_10,conv_100K,version_3,0.2782639265060425,0.4139125347137451,128
RegressionConv,W1_10,conv_100K,version_4,0.3186812102794647,0.4561641812324524,128
RegressionConv,W1_10,conv_100K,version_0,0.18385659158229828,0.3287484645843506,256
RegressionConv,W1_10,conv_100K,version_1,0.17563970386981964,0.3137351870536804,256
RegressionConv,W1_10,conv_100K,version_2,0.19335311651229858,0.3345223069190979,256
RegressionConv,W1_10,conv_100K,version_3,0.1579778641462326,0.2994973659515381,256
RegressionConv,W1_10,conv_100K,version_4,0.2851542532444,0.4038025736808777,256
RegressionConv,W1_10,conv_100K,version_0,1.8618831634521484,1.0670104026794434,32
RegressionConv,W1_10,conv_100K,version_1,1.2519999742507935,0.8728801608085632,32
RegressionConv,W1_10,conv_100K,version_2,2.6513733863830566,1.2745041847229004,32
RegressionConv,W1_10,conv_100K,version_3,1.1917835474014282,0.8435556292533875,32
RegressionConv,W1_10,conv_100K,version_4,1.564523696899414,0.9432198405265808,32
RegressionConv,W1_10,conv_100K,version_0,0.1432805210351944,0.28675806522369385,512
RegressionConv,W1_10,conv_100K,version_1,0.12692970037460327,0.27380695939064026,512
RegressionConv,W1_10,conv_100K,version_2,0.12068048864603043,0.2725326418876648,512
RegressionConv,W1_10,conv_100K,version_3,0.11723699420690536,0.2669426202774048,512
RegressionConv,W1_10,conv_100K,version_4,0.11867515742778778,0.27046626806259155,512
RegressionConv,W1_10,conv_100K,version_0,1.095455288887024,0.8010959029197693,64
RegressionConv,W1_10,conv_100K,version_1,2.010800361633301,1.1028276681900024,64
RegressionConv,W1_10,conv_100K,version_2,1.2937530279159546,0.9152514338493347,64
RegressionConv,W1_10,conv_100K,version_3,1.1025071144104004,0.8600559830665588,64
RegressionConv,W1_10,conv_100K,version_4,0.7306831479072571,0.6944007277488708,64
RegressionConv,W1_10,conv_2M,version_0,0.255160927772522,0.40528345108032227,128
RegressionConv,W1_10,conv_2M,version_1,0.38362881541252136,0.4830920696258545,128
RegressionConv,W1_10,conv_2M,version_2,0.695687472820282,0.6622469425201416,128
RegressionConv,W1_10,conv_2M,version_3,0.42429256439208984,0.5187779068946838,128
RegressionConv,W1_10,conv_2M,version_4,0.3763943016529083,0.46040958166122437,128
RegressionConv,W1_10,conv_2M,version_0,0.16813014447689056,0.32976239919662476,256
RegressionConv,W1_10,conv_2M,version_1,0.21881771087646484,0.3759816288948059,256
RegressionConv,W1_10,conv_2M,version_2,0.2244594842195511,0.3816399574279785,256
RegressionConv,W1_10,conv_2M,version_3,0.2737765908241272,0.4113868772983551,256
RegressionConv,W1_10,conv_2M,version_4,0.24627165496349335,0.3916085362434387,256
RegressionConv,W1_10,conv_2M,version_0,1.1434723138809204,0.8352040648460388,32
RegressionConv,W1_10,conv_2M,version_1,1.3671116828918457,0.8899474740028381,32
RegressionConv,W1_10,conv_2M,version_2,1.3281731605529785,0.8592207431793213,32
RegressionConv,W1_10,conv_2M,version_3,2.086059093475342,1.1338598728179932,32
RegressionConv,W1_10,conv_2M,version_4,4.555104732513428,1.6699918508529663,32
RegressionConv,W1_10,conv_2M,version_0,0.129811093211174,0.29006069898605347,512
RegressionConv,W1_10,conv_2M,version_1,0.12933045625686646,0.28845953941345215,512
RegressionConv,W1_10,conv_2M,version_2,0.11151879280805588,0.26454493403434753,512
RegressionConv,W1_10,conv_2M,version_3,0.13073940575122833,0.2873321771621704,512
RegressionConv,W1_10,conv_2M,version_4,0.1650903820991516,0.32832765579223633,512
RegressionConv,W1_10,conv_2M,version_0,1.4430712461471558,0.9625255465507507,64
RegressionConv,W1_10,conv_2M,version_1,9.117757797241211,2.4032771587371826,64
RegressionConv,W1_10,conv_2M,version_2,1.220300316810608,0.8835950493812561,64
RegressionConv,W1_10,conv_2M,version_3,0.9010869860649109,0.7588515877723694,64
RegressionConv,W1_10,conv_2M,version_4,0.9608917236328125,0.7767511010169983,64
RegressionConv,W1_10,conv_500K,version_0,0.2810359597206116,0.4223569631576538,128
RegressionConv,W1_10,conv_500K,version_1,0.2412181943655014,0.3847602605819702,128
RegressionConv,W1_10,conv_500K,version_2,0.23421044647693634,0.3860965371131897,128
RegressionConv,W1_10,conv_500K,version_3,0.42135414481163025,0.5193666815757751,128
RegressionConv,W1_10,conv_500K,version_4,0.21624042093753815,0.36933791637420654,128
RegressionConv,W1_10,conv_500K,version_0,0.14603003859519958,0.30741143226623535,256
RegressionConv,W1_10,conv_500K,version_1,0.18932899832725525,0.3495907783508301,256
RegressionConv,W1_10,conv_500K,version_2,0.23531007766723633,0.38453006744384766,256
RegressionConv,W1_10,conv_500K,version_3,0.20218922197818756,0.36535269021987915,256
RegressionConv,W1_10,conv_500K,version_4,0.2387702763080597,0.385168194770813,256
RegressionConv,W1_10,conv_500K,version_0,2.169370412826538,1.1354538202285767,32
RegressionConv,W1_10,conv_500K,version_1,0.8593258261680603,0.7170895934104919,32
RegressionConv,W1_10,conv_500K,version_2,2.0627150535583496,1.0839178562164307,32
RegressionConv,W1_10,conv_500K,version_3,1.2027686834335327,0.8377774953842163,32
RegressionConv,W1_10,conv_500K,version_4,2.7036211490631104,1.2825109958648682,32
RegressionConv,W1_10,conv_500K,version_0,0.1715240180492401,0.334766149520874,512
RegressionConv,W1_10,conv_500K,version_1,0.12402235716581345,0.2773871421813965,512
RegressionConv,W1_10,conv_500K,version_2,0.13938219845294952,0.2959349751472473,512
RegressionConv,W1_10,conv_500K,version_3,0.13224779069423676,0.29084816575050354,512
RegressionConv,W1_10,conv_500K,version_4,0.18206773698329926,0.33810365200042725,512
RegressionConv,W1_10,conv_500K,version_0,0.9594465494155884,0.7537559866905212,64
RegressionConv,W1_10,conv_500K,version_1,2.535360097885132,1.2394797801971436,64
RegressionConv,W1_10,conv_500K,version_2,0.9001101851463318,0.7369495630264282,64
RegressionConv,W1_10,conv_500K,version_3,4.5386223793029785,1.635937213897705,64
RegressionConv,W1_10,conv_500K,version_4,2.6123239994049072,1.2522944211959839,64
RegressionConv,W1_16,conv_100K,version_0,0.33508652448654175,0.4830162823200226,128
RegressionConv,W1_16,conv_100K,version_1,0.6836493015289307,0.6211300492286682,128
RegressionConv,W1_16,conv_100K,version_2,0.3354087769985199,0.48029887676239014,128
RegressionConv,W1_16,conv_100K,version_3,0.7873166799545288,0.7331344485282898,128
RegressionConv,W1_16,conv_100K,version_4,0.43807581067085266,0.5265626311302185,128
RegressionConv,W1_16,conv_100K,version_0,0.12632150948047638,0.28069058060646057,256
RegressionConv,W1_16,conv_100K,version_1,0.2395850270986557,0.39785459637641907,256
RegressionConv,W1_16,conv_100K,version_2,0.3730442523956299,0.4991791546344757,256
RegressionConv,W1_16,conv_100K,version_3,0.18610897660255432,0.3345811665058136,256
RegressionConv,W1_16,conv_100K,version_4,0.29648491740226746,0.44145748019218445,256
RegressionConv,W1_16,conv_100K,version_0,0.7735854983329773,0.6874884366989136,32
RegressionConv,W1_16,conv_100K,version_1,1.0195751190185547,0.6868112683296204,32
RegressionConv,W1_16,conv_100K,version_2,0.5716153979301453,0.5955223441123962,32
RegressionConv,W1_16,conv_100K,version_3,2.016746759414673,1.14667809009552,32
RegressionConv,W1_16,conv_100K,version_4,1.1717017889022827,0.8045640587806702,32
RegressionConv,W1_16,conv_100K,version_0,0.09152936935424805,0.23809200525283813,512
RegressionConv,W1_16,conv_100K,version_1,0.15343360602855682,0.30499735474586487,512
RegressionConv,W1_16,conv_100K,version_2,0.09228698909282684,0.22637328505516052,512
RegressionConv,W1_16,conv_100K,version_3,0.08008792996406555,0.2174411416053772,512
RegressionConv,W1_16,conv_100K,version_4,0.20541644096374512,0.3436976969242096,512
RegressionConv,W1_16,conv_100K,version_0,0.4842451810836792,0.5791423320770264,64
RegressionConv,W1_16,conv_100K,version_1,1.322210431098938,0.872981607913971,64
RegressionConv,W1_16,conv_100K,version_2,0.7937818765640259,0.5988722443580627,64
RegressionConv,W1_16,conv_100K,version_3,0.5962039828300476,0.617240846157074,64
RegressionConv,W1_16,conv_100K,version_4,0.8971421718597412,0.7686566710472107,64
RegressionConv,W1_16,conv_2M,version_0,0.7550734281539917,0.6714450120925903,128
RegressionConv,W1_16,conv_2M,version_1,0.7105519771575928,0.6869934797286987,128
RegressionConv,W1_16,conv_2M,version_2,0.8084564208984375,0.7273516058921814,128
RegressionConv,W1_16,conv_2M,version_3,0.3580414652824402,0.476849228143692,128
RegressionConv,W1_16,conv_2M,version_4,0.5400926470756531,0.5771538019180298,128
RegressionConv,W1_16,conv_2M,version_0,0.20949161052703857,0.3679368197917938,256
RegressionConv,W1_16,conv_2M,version_1,0.26191413402557373,0.4032808840274811,256
RegressionConv,W1_16,conv_2M,version_2,0.2215859442949295,0.35769394040107727,256
RegressionConv,W1_16,conv_2M,version_3,0.14485689997673035,0.3000279366970062,256
RegressionConv,W1_16,conv_2M,version_4,0.11538870632648468,0.2716558277606964,256
RegressionConv,W1_16,conv_2M,version_0,3.4856739044189453,1.5033396482467651,32
RegressionConv,W1_16,conv_2M,version_1,7.476499557495117,2.170135974884033,32
RegressionConv,W1_16,conv_2M,version_2,15.265032768249512,3.322798728942871,32
RegressionConv,W1_16,conv_2M,version_3,16.673124313354492,3.4700968265533447,32
RegressionConv,W1_16,conv_2M,version_4,11.318496704101562,2.8543691635131836,32
RegressionConv,W1_16,conv_2M,version_0,0.0744858980178833,0.22345861792564392,512
RegressionConv,W1_16,conv_2M,version_1,0.0810849666595459,0.22799673676490784,512
RegressionConv,W1_16,conv_2M,version_2,0.11336562782526016,0.27750715613365173,512
RegressionConv,W1_16,conv_2M,version_3,0.10482505708932877,0.26917967200279236,512
RegressionConv,W1_16,conv_2M,version_4,0.08468087017536163,0.23982807993888855,512
RegressionConv,W1_16,conv_2M,version_0,13.729232788085938,3.156228542327881,64
RegressionConv,W1_16,conv_2M,version_1,10.384998321533203,2.6918091773986816,64
RegressionConv,W1_16,conv_2M,version_2,19.690277099609375,3.704423189163208,64
RegressionConv,W1_16,conv_2M,version_3,8.662666320800781,2.4762017726898193,64
RegressionConv,W1_16,conv_2M,version_4,14.560153007507324,3.201770782470703,64
RegressionConv,W1_16,conv_500K,version_0,0.3606385588645935,0.4842233657836914,128
RegressionConv,W1_16,conv_500K,version_1,0.3933585584163666,0.5151883959770203,128
RegressionConv,W1_16,conv_500K,version_2,0.23432384431362152,0.3577336370944977,128
RegressionConv,W1_16,conv_500K,version_3,0.20376011729240417,0.3521381914615631,128
RegressionConv,W1_16,conv_500K,version_4,0.278837651014328,0.418039470911026,128
RegressionConv,W1_16,conv_500K,version_0,0.19499796628952026,0.33448055386543274,256
RegressionConv,W1_16,conv_500K,version_1,0.26428452134132385,0.3703695833683014,256
RegressionConv,W1_16,conv_500K,version_2,0.23761647939682007,0.3598216772079468,256
RegressionConv,W1_16,conv_500K,version_3,0.3373568654060364,0.45536765456199646,256
RegressionConv,W1_16,conv_500K,version_4,0.16082721948623657,0.3174845278263092,256
RegressionConv,W1_16,conv_500K,version_0,0.5725935101509094,0.6071913838386536,32
RegressionConv,W1_16,conv_500K,version_1,0.9351847767829895,0.7633642554283142,32
RegressionConv,W1_16,conv_500K,version_2,0.9268747568130493,0.7723738551139832,32
RegressionConv,W1_16,conv_500K,version_3,0.9805645942687988,0.8132641911506653,32
RegressionConv,W1_16,conv_500K,version_4,1.8460391759872437,1.108327031135559,32
RegressionConv,W1_16,conv_500K,version_0,0.08820830285549164,0.21539005637168884,512
RegressionConv,W1_16,conv_500K,version_1,0.08413083851337433,0.22665813565254211,512
RegressionConv,W1_16,conv_500K,version_2,0.14139994978904724,0.27799472212791443,512
RegressionConv,W1_16,conv_500K,version_3,0.17769776284694672,0.31697139143943787,512
RegressionConv,W1_16,conv_500K,version_4,0.05759561061859131,0.18742889165878296,512
RegressionConv,W1_16,conv_500K,version_0,1.4033770561218262,0.994286835193634,64
RegressionConv,W1_16,conv_500K,version_1,0.37774261832237244,0.49606505036354065,64
RegressionConv,W1_16,conv_500K,version_2,0.545798659324646,0.59637850522995,64
RegressionConv,W1_16,conv_500K,version_3,0.731177031993866,0.7029796838760376,64
RegressionConv,W1_16,conv_500K,version_4,0.3746252655982971,0.4782062768936157,64
RegressionConv,W2_10,conv_100K,version_0,0.021863076835870743,0.12962272763252258,128
RegressionConv,W2_10,conv_100K,version_1,0.041397012770175934,0.18906521797180176,128
RegressionConv,W2_10,conv_100K,version_2,0.012588388286530972,0.0966385081410408,128
RegressionConv,W2_10,conv_100K,version_3,0.005821811035275459,0.05859256163239479,128
RegressionConv,W2_10,conv_100K,version_4,0.009659647941589355,0.08175156265497208,128
RegressionConv,W2_10,conv_100K,version_0,0.013700253330171108,0.10306984931230545,256
RegressionConv,W2_10,conv_100K,version_1,0.021759290248155594,0.13392284512519836,256
RegressionConv,W2_10,conv_100K,version_2,0.026539552956819534,0.14963430166244507,256
RegressionConv,W2_10,conv_100K,version_3,0.012064142152667046,0.09343124181032181,256
RegressionConv,W2_10,conv_100K,version_4,0.012582792900502682,0.0962277427315712,256
RegressionConv,W2_10,conv_100K,version_0,0.013418091461062431,0.10004565864801407,32
RegressionConv,W2_10,conv_100K,version_1,0.04191802442073822,0.19214299321174622,32
RegressionConv,W2_10,conv_100K,version_2,0.05431098863482475,0.22126638889312744,32
RegressionConv,W2_10,conv_100K,version_3,0.04546240717172623,0.2018309235572815,32
RegressionConv,W2_10,conv_100K,version_4,0.06157638877630234,0.239059180021286,32
RegressionConv,W2_10,conv_100K,version_0,0.009483672678470612,0.08133154362440109,512
RegressionConv,W2_10,conv_100K,version_1,0.011748287826776505,0.09218298643827438,512
RegressionConv,W2_10,conv_100K,version_2,0.00674691004678607,0.06971075385808945,512
RegressionConv,W2_10,conv_100K,version_3,0.013261555694043636,0.09987067431211472,512
RegressionConv,W2_10,conv_100K,version_4,0.02113390900194645,0.12944293022155762,512
RegressionConv,W2_10,conv_100K,version_0,0.09023455530405045,0.28347867727279663,64
RegressionConv,W2_10,conv_100K,version_1,0.16742588579654694,0.3819957673549652,64
RegressionConv,W2_10,conv_100K,version_2,0.05940208211541176,0.2281670868396759,64
RegressionConv,W2_10,conv_100K,version_3,0.07766613364219666,0.26039937138557434,64
RegressionConv,W2_10,conv_100K,version_4,0.03384305536746979,0.1655573546886444,64
RegressionConv,W2_10,conv_2M,version_0,0.03056255728006363,0.130977600812912,128
RegressionConv,W2_10,conv_2M,version_1,0.01718217507004738,0.10545938462018967,128
RegressionConv,W2_10,conv_2M,version_2,0.044560302048921585,0.15756309032440186,128
RegressionConv,W2_10,conv_2M,version_3,0.0764625295996666,0.2196725606918335,128
RegressionConv,W2_10,conv_2M,version_4,0.058600619435310364,0.19839444756507874,128
RegressionConv,W2_10,conv_2M,version_0,0.031351249665021896,0.13831278681755066,256
RegressionConv,W2_10,conv_2M,version_1,0.014141660183668137,0.084187351167202,256
RegressionConv,W2_10,conv_2M,version_2,0.02699323371052742,0.1273065209388733,256
RegressionConv,W2_10,conv_2M,version_3,0.11422208696603775,0.26553744077682495,256
RegressionConv,W2_10,conv_2M,version_4,0.04679417237639427,0.17528194189071655,256
RegressionConv,W2_10,conv_2M,version_0,0.10963209718465805,0.2543177008628845,32
RegressionConv,W2_10,conv_2M,version_1,0.024381956085562706,0.13036689162254333,32
RegressionConv,W2_10,conv_2M,version_2,0.022175382822752,0.11892544478178024,32
RegressionConv,W2_10,conv_2M,version_3,0.19319885969161987,0.34712526202201843,32
RegressionConv,W2_10,conv_2M,version_4,0.15331654250621796,0.33297422528266907,32
RegressionConv,W2_10,conv_2M,version_0,0.013780980370938778,0.0848802700638771,512
RegressionConv,W2_10,conv_2M,version_1,0.009979474358260632,0.07998953014612198,512
RegressionConv,W2_10,conv_2M,version_2,0.01656774803996086,0.10792864114046097,512
RegressionConv,W2_10,conv_2M,version_3,0.015606580302119255,0.1034773662686348,512
RegressionConv,W2_10,conv_2M,version_4,0.030378736555576324,0.14526799321174622,512
RegressionConv,W2_10,conv_2M,version_0,0.04098687320947647,0.16048172116279602,64
RegressionConv,W2_10,conv_2M,version_1,0.09494879841804504,0.22586041688919067,64
RegressionConv,W2_10,conv_2M,version_2,0.13696259260177612,0.3192853033542633,64
RegressionConv,W2_10,conv_2M,version_3,0.08520841598510742,0.21232819557189941,64
RegressionConv,W2_10,conv_2M,version_4,0.059342674911022186,0.19027262926101685,64
RegressionConv,W2_10,conv_500K,version_0,0.028865711763501167,0.11782129853963852,128
RegressionConv,W2_10,conv_500K,version_1,0.052794236689805984,0.19137340784072876,128
RegressionConv,W2_10,conv_500K,version_2,0.018169810995459557,0.08228660374879837,128
RegressionConv,W2_10,conv_500K,version_3,0.011628706008195877,0.07343576103448868,128
RegressionConv,W2_10,conv_500K,version_4,0.044808607548475266,0.18778151273727417,128
RegressionConv,W2_10,conv_500K,version_0,0.08208616077899933,0.2446679174900055,256
RegressionConv,W2_10,conv_500K,version_1,0.03903475031256676,0.14561083912849426,256
RegressionConv,W2_10,conv_500K,version_2,0.023035628721117973,0.1271708905696869,256
RegressionConv,W2_10,conv_500K,version_3,0.04467041790485382,0.17477944493293762,256
RegressionConv,W2_10,conv_500K,version_4,0.03398445248603821,0.14716437458992004,256
RegressionConv,W2_10,conv_500K,version_0,0.019444826990365982,0.10791502147912979,32
RegressionConv,W2_10,conv_500K,version_1,0.5423367619514465,0.6582928895950317,32
RegressionConv,W2_10,conv_500K,version_2,0.037193816155195236,0.13107064366340637,32
RegressionConv,W2_10,conv_500K,version_3,0.14628595113754272,0.36187759041786194,32
RegressionConv,W2_10,conv_500K,version_4,0.16044433414936066,0.37752124667167664,32
RegressionConv,W2_10,conv_500K,version_0,0.00814693234860897,0.07670798152685165,512
RegressionConv,W2_10,conv_500K,version_1,0.005817223805934191,0.05781431123614311,512
RegressionConv,W2_10,conv_500K,version_2,0.013649851083755493,0.09587586671113968,512
RegressionConv,W2_10,conv_500K,version_3,0.03229111433029175,0.14241674542427063,512
RegressionConv,W2_10,conv_500K,version_4,0.013987313024699688,0.09309231489896774,512
RegressionConv,W2_10,conv_500K,version_0,0.1038944199681282,0.27125367522239685,64
RegressionConv,W2_10,conv_500K,version_1,0.1096501499414444,0.2780642509460449,64
RegressionConv,W2_10,conv_500K,version_2,0.058861080557107925,0.20875850319862366,64
RegressionConv,W2_10,conv_500K,version_3,0.2588489055633545,0.4220929443836212,64
RegressionConv,W2_10,conv_500K,version_4,0.025934260338544846,0.13073378801345825,64
RegressionConv,W2_16,conv_100K,version_0,0.07414504885673523,0.23305873572826385,128
RegressionConv,W2_16,conv_100K,version_1,0.1616573929786682,0.3687765896320343,128
RegressionConv,W2_16,conv_100K,version_2,0.07569892704486847,0.23962046205997467,128
RegressionConv,W2_16,conv_100K,version_3,0.03799334540963173,0.13974611461162567,128
RegressionConv,W2_16,conv_100K,version_4,0.11625543236732483,0.26272305846214294,128
RegressionConv,W2_16,conv_100K,version_0,0.016526738181710243,0.10912531614303589,256
RegressionConv,W2_16,conv_100K,version_1,0.022510768845677376,0.11770045757293701,256
RegressionConv,W2_16,conv_100K,version_2,0.055549100041389465,0.18264107406139374,256
RegressionConv,W2_16,conv_100K,version_3,0.012716683559119701,0.07338511943817139,256
RegressionConv,W2_16,conv_100K,version_4,0.0597759447991848,0.1749059408903122,256
RegressionConv,W2_16,conv_100K,version_0,0.6191925406455994,0.7318826913833618,32
RegressionConv,W2_16,conv_100K,version_1,0.1856476366519928,0.37231358885765076,32
RegressionConv,W2_16,conv_100K,version_2,0.16315297782421112,0.2840653955936432,32
RegressionConv,W2_16,conv_100K,version_3,0.08275797218084335,0.23065365850925446,32
RegressionConv,W2_16,conv_100K,version_4,0.7634825110435486,0.8070049285888672,32
RegressionConv,W2_16,conv_100K,version_0,0.01124799344688654,0.09189239144325256,512
RegressionConv,W2_16,conv_100K,version_1,0.016482098028063774,0.10489484667778015,512
RegressionConv,W2_16,conv_100K,version_2,0.01575363613665104,0.10814359784126282,512
RegressionConv,W2_16,conv_100K,version_3,0.009297693148255348,0.0760020762681961,512
RegressionConv,W2_16,conv_100K,version_4,0.02472064271569252,0.11300067603588104,512
RegressionConv,W2_16,conv_100K,version_0,0.037779904901981354,0.1489086002111435,64
RegressionConv,W2_16,conv_100K,version_1,0.13530510663986206,0.3042207658290863,64
RegressionConv,W2_16,conv_100K,version_2,0.10128242522478104,0.24728967249393463,64
RegressionConv,W2_16,conv_100K,version_3,0.17749916017055511,0.39075931906700134,64
RegressionConv,W2_16,conv_100K,version_4,0.33541393280029297,0.4343207776546478,64
RegressionConv,W2_16,conv_2M,version_0,0.09993445873260498,0.26520904898643494,128
RegressionConv,W2_16,conv_2M,version_1,0.06771985441446304,0.19020269811153412,128
RegressionConv,W2_16,conv_2M,version_2,0.20698943734169006,0.42130956053733826,128
RegressionConv,W2_16,conv_2M,version_3,0.27789726853370667,0.4778840243816376,128
RegressionConv,W2_16,conv_2M,version_4,0.11169025301933289,0.30420002341270447,128
RegressionConv,W2_16,conv_2M,version_0,0.006584234070032835,0.059263765811920166,256
RegressionConv,W2_16,conv_2M,version_1,0.010421865619719028,0.09080344438552856,256
RegressionConv,W2_16,conv_2M,version_2,0.0038796309381723404,0.04796043783426285,256
RegressionConv,W2_16,conv_2M,version_3,0.03056269697844982,0.16744334995746613,256
RegressionConv,W2_16,conv_2M,version_4,0.030820690095424652,0.15361736714839935,256
RegressionConv,W2_16,conv_2M,version_0,31.759109497070312,4.858813762664795,32
RegressionConv,W2_16,conv_2M,version_1,34.07662582397461,5.027428150177002,32
RegressionConv,W2_16,conv_2M,version_2,31.935163497924805,4.865348815917969,32
RegressionConv,W2_16,conv_2M,version_3,32.691104888916016,4.920993328094482,32
RegressionConv,W2_16,conv_2M,version_4,33.9951286315918,5.021944046020508,32
RegressionConv,W2_16,conv_2M,version_0,0.014604965224862099,0.11170369386672974,512
RegressionConv,W2_16,conv_2M,version_1,0.0061974250711500645,0.0716603547334671,512
RegressionConv,W2_16,conv_2M,version_2,0.007021851371973753,0.07313330471515656,512
RegressionConv,W2_16,conv_2M,version_3,0.00789597723633051,0.07561403512954712,512
RegressionConv,W2_16,conv_2M,version_4,0.010065848007798195,0.0800495594739914,512
RegressionConv,W2_16,conv_2M,version_0,11.143959045410156,2.896191120147705,64
RegressionConv,W2_16,conv_2M,version_1,2.7180538177490234,1.4236335754394531,64
RegressionConv,W2_16,conv_2M,version_2,10.362624168395996,2.778320789337158,64
RegressionConv,W2_16,conv_2M,version_3,7.305810928344727,2.341663360595703,64
RegressionConv,W2_16,conv_2M,version_4,3.442378044128418,1.6057143211364746,64
RegressionConv,W2_16,conv_500K,version_0,0.04919879138469696,0.15703259408473969,128
RegressionConv,W2_16,conv_500K,version_1,0.06819825619459152,0.18955637514591217,128
RegressionConv,W2_16,conv_500K,version_2,0.06179235503077507,0.1702793687582016,128
RegressionConv,W2_16,conv_500K,version_3,0.018889322876930237,0.09908771514892578,128
RegressionConv,W2_16,conv_500K,version_4,0.057576775550842285,0.17448939383029938,128
RegressionConv,W2_16,conv_500K,version_0,0.012411680072546005,0.08316992223262787,256
RegressionConv,W2_16,conv_500K,version_1,0.019799187779426575,0.10583552718162537,256
RegressionConv,W2_16,conv_500K,version_2,0.016530102118849754,0.09690479934215546,256
RegressionConv,W2_16,conv_500K,version_3,0.013176911510527134,0.07428248226642609,256
RegressionConv,W2_16,conv_500K,version_4,0.021209314465522766,0.11618587374687195,256
RegressionConv,W2_16,conv_500K,version_0,0.07820628583431244,0.22534851729869843,32
RegressionConv,W2_16,conv_500K,version_1,0.24143460392951965,0.3634285628795624,32
RegressionConv,W2_16,conv_500K,version_2,0.16697192192077637,0.35575273633003235,32
RegressionConv,W2_16,conv_500K,version_3,0.2335059940814972,0.40154996514320374,32
RegressionConv,W2_16,conv_500K,version_4,0.1276683211326599,0.31499961018562317,32
RegressionConv,W2_16,conv_500K,version_0,0.015561910346150398,0.09460429847240448,512
RegressionConv,W2_16,conv_500K,version_1,0.02567591331899166,0.11910757422447205,512
RegressionConv,W2_16,conv_500K,version_2,0.04221209138631821,0.1673445850610733,512
RegressionConv,W2_16,conv_500K,version_3,0.008923862129449844,0.07955390214920044,512
RegressionConv,W2_16,conv_500K,version_4,0.009584760293364525,0.07049165666103363,512
RegressionConv,W2_16,conv_500K,version_0,0.12054960429668427,0.31578806042671204,64
RegressionConv,W2_16,conv_500K,version_1,0.14482857286930084,0.31606027483940125,64
RegressionConv,W2_16,conv_500K,version_2,0.19926686584949493,0.41160455346107483,64
RegressionConv,W2_16,conv_500K,version_3,0.13985371589660645,0.3287067115306854,64
RegressionConv,W2_16,conv_500K,version_4,0.07669872045516968,0.24269019067287445,64
RegressionMLP,W1_10,mlp_15M,version_0,0.17288069427013397,0.34139585494995117,128
RegressionMLP,W1_10,mlp_15M,version_1,0.21685904264450073,0.38675355911254883,128
RegressionMLP,W1_10,mlp_15M,version_2,0.2206726372241974,0.39215075969696045,128
RegressionMLP,W1_10,mlp_15M,version_3,0.1875348687171936,0.35434144735336304,128
RegressionMLP,W1_10,mlp_15M,version_4,0.18840324878692627,0.36187779903411865,128
RegressionMLP,W1_10,mlp_15M,version_0,0.07977170497179031,0.2290160059928894,256
RegressionMLP,W1_10,mlp_15M,version_1,0.06988710910081863,0.21375462412834167,256
RegressionMLP,W1_10,mlp_15M,version_2,0.07318548858165741,0.21861475706100464,256
RegressionMLP,W1_10,mlp_15M,version_3,0.06707365065813065,0.20945149660110474,256
RegressionMLP,W1_10,mlp_15M,version_4,0.07764565944671631,0.22540268301963806,256
RegressionMLP,W1_10,mlp_15M,version_0,12.556340217590332,3.0169315338134766,32
RegressionMLP,W1_10,mlp_15M,version_1,13.026708602905273,3.0869154930114746,32
RegressionMLP,W1_10,mlp_15M,version_2,13.063572883605957,3.0425453186035156,32
RegressionMLP,W1_10,mlp_15M,version_3,11.153840065002441,2.848104238510132,32
RegressionMLP,W1_10,mlp_15M,version_4,12.217905044555664,2.974708318710327,32
RegressionMLP,W1_10,mlp_15M,version_0,0.056416429579257965,0.19088581204414368,512
RegressionMLP,W1_10,mlp_15M,version_1,0.06173092871904373,0.1997452974319458,512
RegressionMLP,W1_10,mlp_15M,version_2,0.06417024880647659,0.20613572001457214,512
RegressionMLP,W1_10,mlp_15M,version_3,0.06308368593454361,0.20155543088912964,512
RegressionMLP,W1_10,mlp_15M,version_4,0.05992794409394264,0.19697514176368713,512
RegressionMLP,W1_10,mlp_15M,version_0,1.3653737306594849,0.9647205471992493,64
RegressionMLP,W1_10,mlp_15M,version_1,3.40083646774292,1.5647333860397339,64
RegressionMLP,W1_10,mlp_15M,version_2,3.3939437866210938,1.5594885349273682,64
RegressionMLP,W1_10,mlp_15M,version_3,3.3744306564331055,1.5472415685653687,64
RegressionMLP,W1_10,mlp_15M,version_4,3.7985339164733887,1.6549670696258545,64
RegressionMLP,W1_10,mlp_30M,version_0,2.765702724456787,1.3843786716461182,128
RegressionMLP,W1_10,mlp_30M,version_1,0.5998318195343018,0.6369206309318542,128
RegressionMLP,W1_10,mlp_30M,version_2,2.7917771339416504,1.4046595096588135,128
RegressionMLP,W1_10,mlp_30M,version_3,0.6845375299453735,0.6888908743858337,128
RegressionMLP,W1_10,mlp_30M,version_4,0.7199956178665161,0.7195603251457214,128
RegressionMLP,W1_10,mlp_30M,version_0,0.10568851232528687,0.2609710991382599,256
RegressionMLP,W1_10,mlp_30M,version_1,0.07868965715169907,0.2240024209022522,256
RegressionMLP,W1_10,mlp_30M,version_2,0.12692750990390778,0.28255242109298706,256
RegressionMLP,W1_10,mlp_30M,version_3,0.11911700665950775,0.2763062119483948,256
RegressionMLP,W1_10,mlp_30M,version_4,0.10558515042066574,0.2626400589942932,256
RegressionMLP,W1_10,mlp_30M,version_0,25.05788803100586,4.2435150146484375,32
RegressionMLP,W1_10,mlp_30M,version_1,30.148122787475586,4.687012672424316,32
RegressionMLP,W1_10,mlp_30M,version_2,32.45426940917969,4.857393741607666,32
RegressionMLP,W1_10,mlp_30M,version_3,31.092809677124023,4.78292179107666,32
RegressionMLP,W1_10,mlp_30M,version_4,31.986581802368164,4.83029317855835,32
RegressionMLP,W1_10,mlp_30M,version_0,0.0573413111269474,0.19242018461227417,512
RegressionMLP,W1_10,mlp_30M,version_1,34.53420639038086,5.090156555175781,512
RegressionMLP,W1_10,mlp_30M,version_2,0.059771645814180374,0.19643864035606384,512
RegressionMLP,W1_10,mlp_30M,version_3,0.0756046324968338,0.2179449498653412,512
RegressionMLP,W1_10,mlp_30M,version_4,0.060996025800704956,0.19875717163085938,512
RegressionMLP,W1_10,mlp_30M,version_0,23.500083923339844,4.145237445831299,64
RegressionMLP,W1_10,mlp_30M,version_1,23.688753128051758,4.207806587219238,64
RegressionMLP,W1_10,mlp_30M,version_2,25.87938117980957,4.400930404663086,64
RegressionMLP,W1_10,mlp_30M,version_3,25.789962768554688,4.369589328765869,64
RegressionMLP,W1_10,mlp_30M,version_4,24.055999755859375,4.227447032928467,64
RegressionMLP,W1_16,mlp_15M,version_0,0.11126474291086197,0.28832051157951355,128
RegressionMLP,W1_16,mlp_15M,version_1,0.23661620914936066,0.4184323847293854,128
RegressionMLP,W1_16,mlp_15M,version_2,0.10553640127182007,0.27752766013145447,128
RegressionMLP,W1_16,mlp_15M,version_3,0.26600587368011475,0.4258287847042084,128
RegressionMLP,W1_16,mlp_15M,version_4,0.17318978905677795,0.34826400876045227,128
RegressionMLP,W1_16,mlp_15M,version_0,0.0533464178442955,0.18724927306175232,256
RegressionMLP,W1_16,mlp_15M,version_1,0.04149162396788597,0.16528412699699402,256
RegressionMLP,W1_16,mlp_15M,version_2,0.06789910048246384,0.22233441472053528,256
RegressionMLP,W1_16,mlp_15M,version_3,0.04607144370675087,0.17791375517845154,256
RegressionMLP,W1_16,mlp_15M,version_4,0.06234608590602875,0.20776599645614624,256
RegressionMLP,W1_16,mlp_15M,version_0,0.26600182056427,0.4293442666530609,32
RegressionMLP,W1_16,mlp_15M,version_1,0.44038429856300354,0.570102870464325,32
RegressionMLP,W1_16,mlp_15M,version_2,0.34000781178474426,0.486543208360672,32
RegressionMLP,W1_16,mlp_15M,version_3,0.9800065755844116,0.8212481737136841,32
RegressionMLP,W1_16,mlp_15M,version_4,0.6246852874755859,0.6475263237953186,32
RegressionMLP,W1_16,mlp_15M,version_0,0.02030780538916588,0.11658889055252075,512
RegressionMLP,W1_16,mlp_15M,version_1,0.024396123364567757,0.1256871223449707,512
RegressionMLP,W1_16,mlp_15M,version_2,0.027019530534744263,0.13088464736938477,512
RegressionMLP,W1_16,mlp_15M,version_3,0.023594461381435394,0.12374332547187805,512
RegressionMLP,W1_16,mlp_15M,version_4,0.021838830783963203,0.11952392756938934,512
RegressionMLP,W1_16,mlp_15M,version_0,0.8558176755905151,0.7455629706382751,64
RegressionMLP,W1_16,mlp_15M,version_1,0.2781435549259186,0.43502476811408997,64
RegressionMLP,W1_16,mlp_15M,version_2,0.2066667377948761,0.3698330223560333,64
RegressionMLP,W1_16,mlp_15M,version_3,0.30730411410331726,0.41729190945625305,64
RegressionMLP,W1_16,mlp_15M,version_4,0.7515833377838135,0.623675525188446,64
RegressionMLP,W1_16,mlp_30M,version_0,0.24342907965183258,0.4144165813922882,128
RegressionMLP,W1_16,mlp_30M,version_1,0.2585330903530121,0.40958651900291443,128
RegressionMLP,W1_16,mlp_30M,version_2,0.3554162085056305,0.5211567282676697,128
RegressionMLP,W1_16,mlp_30M,version_3,0.27251288294792175,0.44307491183280945,128
RegressionMLP,W1_16,mlp_30M,version_4,0.2925393581390381,0.4536314904689789,128
RegressionMLP,W1_16,mlp_30M,version_0,0.06047036498785019,0.20124220848083496,256
RegressionMLP,W1_16,mlp_30M,version_1,0.06980551779270172,0.21930637955665588,256
RegressionMLP,W1_16,mlp_30M,version_2,0.08654884248971939,0.24942165613174438,256
RegressionMLP,W1_16,mlp_30M,version_3,0.08602041751146317,0.24564403295516968,256
RegressionMLP,W1_16,mlp_30M,version_4,0.06608285754919052,0.21588146686553955,256
RegressionMLP,W1_16,mlp_30M,version_0,3.4332492351531982,1.546152949333191,32
RegressionMLP,W1_16,mlp_30M,version_1,3.9822845458984375,1.673498272895813,32
RegressionMLP,W1_16,mlp_30M,version_2,3.270472526550293,1.5520964860916138,32
RegressionMLP,W1_16,mlp_30M,version_3,1.6747251749038696,1.0756217241287231,32
RegressionMLP,W1_16,mlp_30M,version_4,3.517616033554077,1.5638266801834106,32
RegressionMLP,W1_16,mlp_30M,version_0,0.023881571367383003,0.12502433359622955,512
RegressionMLP,W1_16,mlp_30M,version_1,0.02683495730161667,0.13381275534629822,512
RegressionMLP,W1_16,mlp_30M,version_2,0.02791423350572586,0.13343581557273865,512
RegressionMLP,W1_16,mlp_30M,version_3,0.025395642966032028,0.1288960874080658,512
RegressionMLP,W1_16,mlp_30M,version_4,0.02302890457212925,0.12191085517406464,512
RegressionMLP,W1_16,mlp_30M,version_0,4.424276351928711,1.7450892925262451,64
RegressionMLP,W1_16,mlp_30M,version_1,4.947657585144043,1.8948999643325806,64
RegressionMLP,W1_16,mlp_30M,version_2,8.990299224853516,2.57989501953125,64
RegressionMLP,W1_16,mlp_30M,version_3,3.3242344856262207,1.5320013761520386,64
RegressionMLP,W1_16,mlp_30M,version_4,7.279754161834717,2.3315045833587646,64
RegressionMLP,W2_10,mlp_15M,version_0,0.05386390537023544,0.20561176538467407,128
RegressionMLP,W2_10,mlp_15M,version_1,0.01931411400437355,0.12298036366701126,128
RegressionMLP,W2_10,mlp_15M,version_2,0.013036956079304218,0.0974261537194252,128
RegressionMLP,W2_10,mlp_15M,version_3,0.0430629588663578,0.18757364153862,128
RegressionMLP,W2_10,mlp_15M,version_4,0.004952974617481232,0.05921192839741707,128
RegressionMLP,W2_10,mlp_15M,version_0,0.00475192628800869,0.05553914234042168,256
RegressionMLP,W2_10,mlp_15M,version_1,0.0068763126619160175,0.06707451492547989,256
RegressionMLP,W2_10,mlp_15M,version_2,0.014127749018371105,0.09617934376001358,256
RegressionMLP,W2_10,mlp_15M,version_3,0.0033814532216638327,0.04831131920218468,256
RegressionMLP,W2_10,mlp_15M,version_4,0.008515434339642525,0.0735458955168724,256
RegressionMLP,W2_10,mlp_15M,version_0,0.0947403609752655,0.2538776397705078,32
RegressionMLP,W2_10,mlp_15M,version_1,0.19281843304634094,0.38135549426078796,32
RegressionMLP,W2_10,mlp_15M,version_2,0.028197940438985825,0.1450292468070984,32
RegressionMLP,W2_10,mlp_15M,version_3,0.10007096081972122,0.2756958603858948,32
RegressionMLP,W2_10,mlp_15M,version_4,0.1796313226222992,0.36878687143325806,32
RegressionMLP,W2_10,mlp_15M,version_0,0.004035472869873047,0.05236257240176201,512
RegressionMLP,W2_10,mlp_15M,version_1,0.00654677813872695,0.0671197846531868,512
RegressionMLP,W2_10,mlp_15M,version_2,0.005254821851849556,0.05918121710419655,512
RegressionMLP,W2_10,mlp_15M,version_3,0.004946852568536997,0.05906664952635765,512
RegressionMLP,W2_10,mlp_15M,version_4,0.005392804276198149,0.057870883494615555,512
RegressionMLP,W2_10,mlp_15M,version_0,0.030474886298179626,0.14387860894203186,64
RegressionMLP,W2_10,mlp_15M,version_1,0.03535483032464981,0.158677339553833,64
RegressionMLP,W2_10,mlp_15M,version_2,0.03629833832383156,0.16570061445236206,64
RegressionMLP,W2_10,mlp_15M,version_3,0.05847562476992607,0.20717063546180725,64
RegressionMLP,W2_10,mlp_15M,version_4,0.08837201446294785,0.25061267614364624,64
RegressionMLP,W2_10,mlp_30M,version_0,0.03848972171545029,0.16485431790351868,128
RegressionMLP,W2_10,mlp_30M,version_1,0.06246612221002579,0.21032553911209106,128
RegressionMLP,W2_10,mlp_30M,version_2,0.17371588945388794,0.3645426332950592,128
RegressionMLP,W2_10,mlp_30M,version_3,0.027316469699144363,0.12599754333496094,128
RegressionMLP,W2_10,mlp_30M,version_4,0.2178657054901123,0.4043205678462982,128
RegressionMLP,W2_10,mlp_30M,version_0,0.02852434664964676,0.14896830916404724,256
RegressionMLP,W2_10,mlp_30M,version_1,0.008969245478510857,0.07796192914247513,256
RegressionMLP,W2_10,mlp_30M,version_2,0.017565123736858368,0.11301297694444656,256
RegressionMLP,W2_10,mlp_30M,version_3,0.007910928688943386,0.07276063412427902,256
RegressionMLP,W2_10,mlp_30M,version_4,0.009085014462471008,0.08265223354101181,256
RegressionMLP,W2_10,mlp_30M,version_0,14.768969535827637,3.3165745735168457,32
RegressionMLP,W2_10,mlp_30M,version_1,17.716588973999023,3.6322991847991943,32
RegressionMLP,W2_10,mlp_30M,version_2,20.21501350402832,3.8758623600006104,32
RegressionMLP,W2_10,mlp_30M,version_3,15.653225898742676,3.4013803005218506,32
RegressionMLP,W2_10,mlp_30M,version_4,6.618391990661621,2.215507745742798,32
RegressionMLP,W2_10,mlp_30M,version_0,0.007485894486308098,0.06897833198308945,512
RegressionMLP,W2_10,mlp_30M,version_1,0.004898646380752325,0.057664964348077774,512
RegressionMLP,W2_10,mlp_30M,version_2,0.007660423405468464,0.0720658227801323,512
RegressionMLP,W2_10,mlp_30M,version_3,0.0046931421384215355,0.05712336674332619,512
RegressionMLP,W2_10,mlp_30M,version_4,0.004480898380279541,0.053767573088407516,512
RegressionMLP,W2_10,mlp_30M,version_0,12.48028564453125,3.029965400695801,64
RegressionMLP,W2_10,mlp_30M,version_1,15.420241355895996,3.3672597408294678,64
RegressionMLP,W2_10,mlp_30M,version_2,24.96194076538086,4.296746253967285,64
RegressionMLP,W2_10,mlp_30M,version_3,15.862757682800293,3.4300923347473145,64
RegressionMLP,W2_10,mlp_30M,version_4,12.667243003845215,3.054291009902954,64
RegressionMLP,W2_16,mlp_15M,version_0,0.024811018258333206,0.13614363968372345,128
RegressionMLP,W2_16,mlp_15M,version_1,0.008974475786089897,0.08295339345932007,128
RegressionMLP,W2_16,mlp_15M,version_2,0.018316591158509254,0.11423860490322113,128
RegressionMLP,W2_16,mlp_15M,version_3,0.03399445116519928,0.1585136502981186,128
RegressionMLP,W2_16,mlp_15M,version_4,0.022261910140514374,0.12483783066272736,128
RegressionMLP,W2_16,mlp_15M,version_0,0.0012447211192920804,0.028538186103105545,256
RegressionMLP,W2_16,mlp_15M,version_1,0.0025489774998277426,0.044256217777729034,256
RegressionMLP,W2_16,mlp_15M,version_2,0.0023872556630522013,0.04073825478553772,256
RegressionMLP,W2_16,mlp_15M,version_3,0.01014364417642355,0.08384007215499878,256
RegressionMLP,W2_16,mlp_15M,version_4,0.009037564508616924,0.0880473256111145,256
RegressionMLP,W2_16,mlp_15M,version_0,1.8689494132995605,1.1763110160827637,32
RegressionMLP,W2_16,mlp_15M,version_1,1.1684139966964722,0.9324003458023071,32
RegressionMLP,W2_16,mlp_15M,version_2,1.332274317741394,0.9896705150604248,32
RegressionMLP,W2_16,mlp_15M,version_3,2.467716932296753,1.3638215065002441,32
RegressionMLP,W2_16,mlp_15M,version_4,1.231968879699707,0.9591102004051208,32
RegressionMLP,W2_16,mlp_15M,version_0,0.0009893540991470218,0.025055941194295883,512
RegressionMLP,W2_16,mlp_15M,version_1,0.0016006574733182788,0.03217533230781555,512
RegressionMLP,W2_16,mlp_15M,version_2,0.0025159581564366817,0.04381020367145538,512
RegressionMLP,W2_16,mlp_15M,version_3,0.0012892326340079308,0.02689652144908905,512
RegressionMLP,W2_16,mlp_15M,version_4,0.002001064596697688,0.03498981148004532,512
RegressionMLP,W2_16,mlp_15M,version_0,0.2658988833427429,0.4455147087574005,64
RegressionMLP,W2_16,mlp_15M,version_1,0.07992400228977203,0.23839811980724335,64
RegressionMLP,W2_16,mlp_15M,version_2,0.49564099311828613,0.5976918935775757,64
RegressionMLP,W2_16,mlp_15M,version_3,0.2550206184387207,0.43566378951072693,64
RegressionMLP,W2_16,mlp_15M,version_4,0.040236592292785645,0.19282524287700653,64
RegressionMLP,W2_16,mlp_30M,version_0,0.022420814260840416,0.1444527953863144,128
RegressionMLP,W2_16,mlp_30M,version_1,0.011479070410132408,0.0858519971370697,128
RegressionMLP,W2_16,mlp_30M,version_2,0.008756502531468868,0.08783479034900665,128
RegressionMLP,W2_16,mlp_30M,version_3,0.04337909072637558,0.17403824627399445,128
RegressionMLP,W2_16,mlp_30M,version_4,0.03237765282392502,0.1414758712053299,128
RegressionMLP,W2_16,mlp_30M,version_0,0.002032708842307329,0.038260601460933685,256
RegressionMLP,W2_16,mlp_30M,version_1,0.013218321837484837,0.09058760106563568,256
RegressionMLP,W2_16,mlp_30M,version_2,0.009578672237694263,0.077586829662323,256
RegressionMLP,W2_16,mlp_30M,version_3,0.004878666717559099,0.05992431193590164,256
RegressionMLP,W2_16,mlp_30M,version_4,0.0037393670063465834,0.05161347985267639,256
RegressionMLP,W2_16,mlp_30M,version_0,21.098844528198242,3.9613029956817627,32
RegressionMLP,W2_16,mlp_30M,version_1,23.523637771606445,4.213967800140381,32
RegressionMLP,W2_16,mlp_30M,version_2,11.041952133178711,2.8720524311065674,32
RegressionMLP,W2_16,mlp_30M,version_3,9.74532413482666,2.6886608600616455,32
RegressionMLP,W2_16,mlp_30M,version_4,20.01807403564453,3.866365432739258,32
RegressionMLP,W2_16,mlp_30M,version_0,0.0011090496554970741,0.028381872922182083,512
RegressionMLP,W2_16,mlp_30M,version_1,0.00114052661228925,0.026755046099424362,512
RegressionMLP,W2_16,mlp_30M,version_2,0.0030083516612648964,0.04665699601173401,512
RegressionMLP,W2_16,mlp_30M,version_3,0.0011686031939461827,0.025670938193798065,512
RegressionMLP,W2_16,mlp_30M,version_4,0.0018532383255660534,0.03474384546279907,512
RegressionMLP,W2_16,mlp_30M,version_0,6.911703109741211,2.272841691970825,64
RegressionMLP,W2_16,mlp_30M,version_1,6.552556037902832,2.216102361679077,64
RegressionMLP,W2_16,mlp_30M,version_2,12.045980453491211,2.987262725830078,64
RegressionMLP,W2_16,mlp_30M,version_3,12.041791915893555,3.00588059425354,64
RegressionMLP,W2_16,mlp_30M,version_4,3.116971969604492,1.4975135326385498,64
RegressionVit,W1_10,vit_15M,version_0,0.3035602569580078,0.44399207830429077,128
RegressionVit,W1_10,vit_15M,version_1,0.30830246210098267,0.44728636741638184,128
RegressionVit,W1_10,vit_15M,version_2,0.21423354744911194,0.36072075366973877,128
RegressionVit,W1_10,vit_15M,version_3,0.22385451197624207,0.3774630129337311,128
RegressionVit,W1_10,vit_15M,version_4,0.14802978932857513,0.30618757009506226,128
RegressionVit,W1_10,vit_15M,version_0,0.15231695771217346,0.3173672556877136,256
RegressionVit,W1_10,vit_15M,version_1,0.1257191151380539,0.2814760208129883,256
RegressionVit,W1_10,vit_15M,version_2,0.1618167906999588,0.3178543150424957,256
RegressionVit,W1_10,vit_15M,version_3,0.15163765847682953,0.3134525418281555,256
RegressionVit,W1_10,vit_15M,version_4,0.11006733775138855,0.2708445191383362,256
RegressionVit,W1_10,vit_15M,version_0,23.43239402770996,4.117587566375732,32
RegressionVit,W1_10,vit_15M,version_1,24.906435012817383,4.28162956237793,32
RegressionVit,W1_10,vit_15M,version_2,36.37896728515625,5.153790473937988,32
RegressionVit,W1_10,vit_15M,version_3,36.97505569458008,5.169776439666748,32
RegressionVit,W1_10,vit_15M,version_4,24.360950469970703,4.030434608459473,32
RegressionVit,W1_10,vit_15M,version_0,0.07846038788557053,0.2238209843635559,512
RegressionVit,W1_10,vit_15M,version_1,0.07535608112812042,0.22187337279319763,512
RegressionVit,W1_10,vit_15M,version_2,0.08288230746984482,0.23439356684684753,512
RegressionVit,W1_10,vit_15M,version_3,0.07696416229009628,0.22354480624198914,512
RegressionVit,W1_10,vit_15M,version_4,0.08698274940252304,0.2380155622959137,512
RegressionVit,W1_10,vit_15M,version_0,6.310459613800049,2.0061094760894775,64
RegressionVit,W1_10,vit_15M,version_1,2.5432024002075195,1.2461169958114624,64
RegressionVit,W1_10,vit_15M,version_2,11.682441711425781,2.8882040977478027,64
RegressionVit,W1_10,vit_15M,version_3,1.3116041421890259,0.9489064812660217,64
RegressionVit,W1_10,vit_15M,version_4,2.488750457763672,1.2976698875427246,64
RegressionVit,W1_10,vit_1M,version_0,0.12360638380050659,0.28407877683639526,128
RegressionVit,W1_10,vit_1M,version_1,0.11666666716337204,0.27478551864624023,128
RegressionVit,W1_10,vit_1M,version_2,0.1156470775604248,0.27279067039489746,128
RegressionVit,W1_10,vit_1M,version_3,0.11286430805921555,0.27221477031707764,128
RegressionVit,W1_10,vit_1M,version_4,0.11669415235519409,0.2777271866798401,128
RegressionVit,W1_10,vit_1M,version_0,0.08472146838903427,0.23783937096595764,256
RegressionVit,W1_10,vit_1M,version_1,0.0894506499171257,0.2443699836730957,256
RegressionVit,W1_10,vit_1M,version_2,0.08180439472198486,0.2332746386528015,256
RegressionVit,W1_10,vit_1M,version_3,0.0869644284248352,0.24035483598709106,256
RegressionVit,W1_10,vit_1M,version_4,0.08739104121923447,0.2392088770866394,256
RegressionVit,W1_10,vit_1M,version_0,0.1603517234325409,0.3209691643714905,32
RegressionVit,W1_10,vit_1M,version_1,0.24603551626205444,0.39937806129455566,32
RegressionVit,W1_10,vit_1M,version_2,0.23315036296844482,0.37780308723449707,32
RegressionVit,W1_10,vit_1M,version_3,0.2331782579421997,0.39199358224868774,32
RegressionVit,W1_10,vit_1M,version_4,0.25904226303100586,0.4127434492111206,32
RegressionVit,W1_10,vit_1M,version_0,0.06975580751895905,0.2131492793560028,512
RegressionVit,W1_10,vit_1M,version_1,0.0722765401005745,0.21554723381996155,512
RegressionVit,W1_10,vit_1M,version_2,0.07158034294843674,0.21519029140472412,512
RegressionVit,W1_10,vit_1M,version_3,0.07348499447107315,0.22046446800231934,512
RegressionVit,W1_10,vit_1M,version_4,0.06832501292228699,0.21101298928260803,512
RegressionVit,W1_10,vit_1M,version_0,0.2601218819618225,0.4057108759880066,64
RegressionVit,W1_10,vit_1M,version_1,0.20707471668720245,0.36241263151168823,64
RegressionVit,W1_10,vit_1M,version_2,0.26160645484924316,0.4111301302909851,64
RegressionVit,W1_10,vit_1M,version_3,0.25861021876335144,0.41303694248199463,64
RegressionVit,W1_10,vit_1M,version_4,0.2591192424297333,0.4054411053657532,64
RegressionVit,W1_10,vit_500K,version_0,0.1110166385769844,0.269625723361969,128
RegressionVit,W1_10,vit_500K,version_1,0.09593386948108673,0.24599283933639526,128
RegressionVit,W1_10,vit_500K,version_2,0.12203030288219452,0.27985674142837524,128
RegressionVit,W1_10,vit_500K,version_3,0.08288601040840149,0.23047101497650146,128
RegressionVit,W1_10,vit_500K,version_4,0.08645737171173096,0.2312411069869995,128
RegressionVit,W1_10,vit_500K,version_0,0.07941664010286331,0.2255292534828186,256
RegressionVit,W1_10,vit_500K,version_1,0.07988810539245605,0.22636020183563232,256
RegressionVit,W1_10,vit_500K,version_2,0.08351245522499084,0.22869306802749634,256
RegressionVit,W1_10,vit_500K,version_3,0.07157779484987259,0.21234294772148132,256
RegressionVit,W1_10,vit_500K,version_4,0.08063287287950516,0.2242984175682068,256
RegressionVit,W1_10,vit_500K,version_0,0.2673245966434479,0.41441571712493896,32
RegressionVit,W1_10,vit_500K,version_1,0.2310941517353058,0.39054566621780396,32
RegressionVit,W1_10,vit_500K,version_2,0.15914899110794067,0.3182501792907715,32
RegressionVit,W1_10,vit_500K,version_3,0.17399205267429352,0.3363915681838989,32
RegressionVit,W1_10,vit_500K,version_4,0.2053569108247757,0.36780911684036255,32
RegressionVit,W1_10,vit_500K,version_0,0.06441371142864227,0.2032458782196045,512
RegressionVit,W1_10,vit_500K,version_1,0.06833464652299881,0.20785710215568542,512
RegressionVit,W1_10,vit_500K,version_2,0.06733600050210953,0.2064332664012909,512
RegressionVit,W1_10,vit_500K,version_3,0.06799786537885666,0.20778822898864746,512
RegressionVit,W1_10,vit_500K,version_4,0.06686250120401382,0.20626342296600342,512
RegressionVit,W1_10,vit_500K,version_0,0.2053188681602478,0.3597230315208435,64
RegressionVit,W1_10,vit_500K,version_1,0.21124932169914246,0.369659423828125,64
RegressionVit,W1_10,vit_500K,version_2,0.2692764103412628,0.39726167917251587,64
RegressionVit,W1_10,vit_500K,version_3,0.26007193326950073,0.4072111248970032,64
RegressionVit,W1_10,vit_500K,version_4,0.1711132526397705,0.3385927677154541,64
RegressionVit,W1_10,vit_5M,version_0,0.11204399913549423,0.2702590823173523,128
RegressionVit,W1_10,vit_5M,version_1,0.11426016688346863,0.2749582529067993,128
RegressionVit,W1_10,vit_5M,version_2,0.1088772863149643,0.26543310284614563,128
RegressionVit,W1_10,vit_5M,version_3,0.11943037807941437,0.2798834443092346,128
RegressionVit,W1_10,vit_5M,version_4,0.11464259773492813,0.2759162187576294,128
RegressionVit,W1_10,vit_5M,version_0,0.08846277743577957,0.24090471863746643,256
RegressionVit,W1_10,vit_5M,version_1,0.08059971034526825,0.22967520356178284,256
RegressionVit,W1_10,vit_5M,version_2,0.07592994719743729,0.22530820965766907,256
RegressionVit,W1_10,vit_5M,version_3,0.0886821523308754,0.24232277274131775,256
RegressionVit,W1_10,vit_5M,version_4,0.07569117844104767,0.22363251447677612,256
RegressionVit,W1_10,vit_5M,version_0,0.2977266013622284,0.43514007329940796,32
RegressionVit,W1_10,vit_5M,version_1,0.260849267244339,0.40951812267303467,32
RegressionVit,W1_10,vit_5M,version_2,0.28470513224601746,0.4283578395843506,32
RegressionVit,W1_10,vit_5M,version_3,0.2872106730937958,0.42975109815597534,32
RegressionVit,W1_10,vit_5M,version_4,0.24242036044597626,0.39319056272506714,32
RegressionVit,W1_10,vit_5M,version_0,0.07237379997968674,0.2156025767326355,512
RegressionVit,W1_10,vit_5M,version_1,0.0729101300239563,0.21728390455245972,512
RegressionVit,W1_10,vit_5M,version_2,0.06937507539987564,0.21187558770179749,512
RegressionVit,W1_10,vit_5M,version_3,0.07035358250141144,0.21328553557395935,512
RegressionVit,W1_10,vit_5M,version_4,0.07007583975791931,0.2118484377861023,512
RegressionVit,W1_10,vit_5M,version_0,0.2096909135580063,0.37160247564315796,64
RegressionVit,W1_10,vit_5M,version_1,0.28462305665016174,0.43181633949279785,64
RegressionVit,W1_10,vit_5M,version_2,0.24789777398109436,0.40143996477127075,64
RegressionVit,W1_10,vit_5M,version_3,0.21862316131591797,0.3703903555870056,64
RegressionVit,W1_10,vit_5M,version_4,0.260142982006073,0.40138447284698486,64
RegressionVit,W1_16,vit_15M,version_0,0.08323726058006287,0.22253982722759247,128
RegressionVit,W1_16,vit_15M,version_1,0.10799933224916458,0.2687876522541046,128
RegressionVit,W1_16,vit_15M,version_2,0.07287263125181198,0.2142360508441925,128
RegressionVit,W1_16,vit_15M,version_3,0.08762434870004654,0.2361668050289154,128
RegressionVit,W1_16,vit_15M,version_4,0.17930220067501068,0.3292337954044342,128
RegressionVit,W1_16,vit_15M,version_0,0.049671102315187454,0.18263974785804749,256
RegressionVit,W1_16,vit_15M,version_1,0.06485056132078171,0.20860490202903748,256
RegressionVit,W1_16,vit_15M,version_2,0.05041857063770294,0.17906036972999573,256
RegressionVit,W1_16,vit_15M,version_3,0.05310765653848648,0.18319949507713318,256
RegressionVit,W1_16,vit_15M,version_4,0.04164113849401474,0.16372522711753845,256
RegressionVit,W1_16,vit_15M,version_0,0.47467491030693054,0.5277146697044373,32
RegressionVit,W1_16,vit_15M,version_1,0.4546855688095093,0.5408068299293518,32
RegressionVit,W1_16,vit_15M,version_2,0.5407149791717529,0.6107224822044373,32
RegressionVit,W1_16,vit_15M,version_3,0.757164478302002,0.6780268549919128,32
RegressionVit,W1_16,vit_15M,version_4,0.2666420042514801,0.3900379240512848,32
RegressionVit,W1_16,vit_15M,version_0,0.028720665723085403,0.13491666316986084,512
RegressionVit,W1_16,vit_15M,version_1,0.03286534175276756,0.14534598588943481,512
RegressionVit,W1_16,vit_15M,version_2,0.03235283121466637,0.1444733440876007,512
RegressionVit,W1_16,vit_15M,version_3,0.02911321632564068,0.134293794631958,512
RegressionVit,W1_16,vit_15M,version_4,0.02917587384581566,0.13422074913978577,512
RegressionVit,W1_16,vit_15M,version_0,0.25908344984054565,0.4094690978527069,64
RegressionVit,W1_16,vit_15M,version_1,0.1749970018863678,0.321470707654953,64
RegressionVit,W1_16,vit_15M,version_2,0.2799686789512634,0.4065183699131012,64
RegressionVit,W1_16,vit_15M,version_3,0.17156893014907837,0.33287766575813293,64
RegressionVit,W1_16,vit_15M,version_4,0.27803221344947815,0.4176096022129059,64
RegressionVit,W1_16,vit_1M,version_0,0.2466920018196106,0.40715131163597107,128
RegressionVit,W1_16,vit_1M,version_1,0.20001816749572754,0.3522453010082245,128
RegressionVit,W1_16,vit_1M,version_2,0.1774243712425232,0.34355396032333374,128
RegressionVit,W1_16,vit_1M,version_3,0.297359436750412,0.4590431749820709,128
RegressionVit,W1_16,vit_1M,version_4,0.3210850656032562,0.43816617131233215,128
RegressionVit,W1_16,vit_1M,version_0,0.13037186861038208,0.2903446853160858,256
RegressionVit,W1_16,vit_1M,version_1,0.08387167751789093,0.22690492868423462,256
RegressionVit,W1_16,vit_1M,version_2,0.11146508157253265,0.26655566692352295,256
RegressionVit,W1_16,vit_1M,version_3,0.06716975569725037,0.20629557967185974,256
RegressionVit,W1_16,vit_1M,version_4,0.11054599285125732,0.26846861839294434,256
RegressionVit,W1_16,vit_1M,version_0,0.6320125460624695,0.6682284474372864,32
RegressionVit,W1_16,vit_1M,version_1,1.762013554573059,1.0753769874572754,32
RegressionVit,W1_16,vit_1M,version_2,0.6262875199317932,0.6395871043205261,32
RegressionVit,W1_16,vit_1M,version_3,0.6766571998596191,0.6432480216026306,32
RegressionVit,W1_16,vit_1M,version_4,0.6232122778892517,0.5641713738441467,32
RegressionVit,W1_16,vit_1M,version_0,0.05277753993868828,0.185153067111969,512
RegressionVit,W1_16,vit_1M,version_1,0.06280699372291565,0.20342516899108887,512
RegressionVit,W1_16,vit_1M,version_2,0.04418120160698891,0.1651666760444641,512
RegressionVit,W1_16,vit_1M,version_3,0.07245729118585587,0.22193706035614014,512
RegressionVit,W1_16,vit_1M,version_4,0.05462244525551796,0.1868996024131775,512
RegressionVit,W1_16,vit_1M,version_0,0.296220988035202,0.4595613181591034,64
RegressionVit,W1_16,vit_1M,version_1,0.8364368081092834,0.7194849848747253,64
RegressionVit,W1_16,vit_1M,version_2,0.5597469210624695,0.6134632229804993,64
RegressionVit,W1_16,vit_1M,version_3,0.3176082372665405,0.42965564131736755,64
RegressionVit,W1_16,vit_1M,version_4,0.6714358925819397,0.663372814655304,64
RegressionVit,W1_16,vit_500K,version_0,0.10444699972867966,0.26460757851600647,128
RegressionVit,W1_16,vit_500K,version_1,0.15128274261951447,0.3264058530330658,128
RegressionVit,W1_16,vit_500K,version_2,0.13564424216747284,0.31295260787010193,128
RegressionVit,W1_16,vit_500K,version_3,0.11405828595161438,0.2867187559604645,128
RegressionVit,W1_16,vit_500K,version_4,0.07499974220991135,0.2236056625843048,128
RegressionVit,W1_16,vit_500K,version_0,0.042463093996047974,0.16195052862167358,256
RegressionVit,W1_16,vit_500K,version_1,0.04439292103052139,0.16707539558410645,256
RegressionVit,W1_16,vit_500K,version_2,0.039779238402843475,0.15525871515274048,256
RegressionVit,W1_16,vit_500K,version_3,0.05333561450242996,0.19064143300056458,256
RegressionVit,W1_16,vit_500K,version_4,0.07533075660467148,0.2175549864768982,256
RegressionVit,W1_16,vit_500K,version_0,0.32895997166633606,0.4742591083049774,32
RegressionVit,W1_16,vit_500K,version_1,0.43229809403419495,0.5382223725318909,32
RegressionVit,W1_16,vit_500K,version_2,0.6251509189605713,0.6579501032829285,32
RegressionVit,W1_16,vit_500K,version_3,0.35674411058425903,0.4679519832134247,32
RegressionVit,W1_16,vit_500K,version_4,0.4995633363723755,0.5864740014076233,32
RegressionVit,W1_16,vit_500K,version_0,0.038614243268966675,0.1560959815979004,512
RegressionVit,W1_16,vit_500K,version_1,0.0425749272108078,0.16525375843048096,512
RegressionVit,W1_16,vit_500K,version_2,0.035608552396297455,0.14819574356079102,512
RegressionVit,W1_16,vit_500K,version_3,0.03975765407085419,0.15680783987045288,512
RegressionVit,W1_16,vit_500K,version_4,0.039368342608213425,0.15664896368980408,512
RegressionVit,W1_16,vit_500K,version_0,0.3456367254257202,0.488407164812088,64
RegressionVit,W1_16,vit_500K,version_1,0.2914595603942871,0.4659903347492218,64
RegressionVit,W1_16,vit_500K,version_2,0.3031361997127533,0.4613572061061859,64
RegressionVit,W1_16,vit_500K,version_3,0.3566616475582123,0.5029708743095398,64
RegressionVit,W1_16,vit_500K,version_4,0.35600754618644714,0.4928632080554962,64
RegressionVit,W1_16,vit_5M,version_0,0.07979746907949448,0.22156238555908203,128
RegressionVit,W1_16,vit_5M,version_1,0.09957892447710037,0.2527158856391907,128
RegressionVit,W1_16,vit_5M,version_2,0.11493125557899475,0.27779415249824524,128
RegressionVit,W1_16,vit_5M,version_3,0.12242124229669571,0.2857883870601654,128
RegressionVit,W1_16,vit_5M,version_4,0.09718775004148483,0.2517562210559845,128
RegressionVit,W1_16,vit_5M,version_0,0.04853585362434387,0.18080392479896545,256
RegressionVit,W1_16,vit_5M,version_1,0.04191453009843826,0.16390138864517212,256
RegressionVit,W1_16,vit_5M,version_2,0.0508011132478714,0.17911136150360107,256
RegressionVit,W1_16,vit_5M,version_3,0.051423583179712296,0.18628770112991333,256
RegressionVit,W1_16,vit_5M,version_4,0.04497072473168373,0.16993829607963562,256
RegressionVit,W1_16,vit_5M,version_0,0.5994256734848022,0.6115379333496094,32
RegressionVit,W1_16,vit_5M,version_1,0.6011343002319336,0.6143242716789246,32
RegressionVit,W1_16,vit_5M,version_2,0.5250698924064636,0.5823472142219543,32
RegressionVit,W1_16,vit_5M,version_3,0.28556588292121887,0.4233892858028412,32
RegressionVit,W1_16,vit_5M,version_4,0.4205590486526489,0.49947938323020935,32
RegressionVit,W1_16,vit_5M,version_0,0.026971956714987755,0.13114488124847412,512
RegressionVit,W1_16,vit_5M,version_1,0.030118990689516068,0.14024251699447632,512
RegressionVit,W1_16,vit_5M,version_2,0.02790782041847706,0.13297522068023682,512
RegressionVit,W1_16,vit_5M,version_3,0.028401369228959084,0.13391834497451782,512
RegressionVit,W1_16,vit_5M,version_4,0.025794904679059982,0.1293696165084839,512
RegressionVit,W1_16,vit_5M,version_0,0.1562640368938446,0.3225727379322052,64
RegressionVit,W1_16,vit_5M,version_1,0.3115878999233246,0.4308413565158844,64
RegressionVit,W1_16,vit_5M,version_2,0.33177894353866577,0.4544961750507355,64
RegressionVit,W1_16,vit_5M,version_3,0.29496005177497864,0.42989155650138855,64
RegressionVit,W1_16,vit_5M,version_4,0.35170894861221313,0.48258402943611145,64
RegressionVit,W2_10,vit_15M,version_0,0.011965102516114712,0.08991526812314987,128
RegressionVit,W2_10,vit_15M,version_1,0.04137272387742996,0.17885449528694153,128
RegressionVit,W2_10,vit_15M,version_2,0.04511668160557747,0.17174988985061646,128
RegressionVit,W2_10,vit_15M,version_3,0.01122781727463007,0.086738221347332,128
RegressionVit,W2_10,vit_15M,version_4,0.03135015070438385,0.14786988496780396,128
RegressionVit,W2_10,vit_15M,version_0,0.09941861033439636,0.2605164647102356,256
RegressionVit,W2_10,vit_15M,version_1,0.010003848932683468,0.07863225787878036,256
RegressionVit,W2_10,vit_15M,version_2,0.010412373580038548,0.07555561512708664,256
RegressionVit,W2_10,vit_15M,version_3,32.924560546875,4.948835372924805,256
RegressionVit,W2_10,vit_15M,version_4,32.91930389404297,4.948413848876953,256
RegressionVit,W2_10,vit_15M,version_0,0.27998682856559753,0.4397134482860565,32
RegressionVit,W2_10,vit_15M,version_1,0.007031004875898361,0.07108698040246964,32
RegressionVit,W2_10,vit_15M,version_2,1.8216478824615479,1.121325135231018,32
RegressionVit,W2_10,vit_15M,version_3,0.6787914037704468,0.7366311550140381,32
RegressionVit,W2_10,vit_15M,version_4,0.9242645502090454,0.7371500730514526,32
RegressionVit,W2_10,vit_15M,version_0,0.009033315815031528,0.07402399927377701,512
RegressionVit,W2_10,vit_15M,version_1,0.010926416143774986,0.08743605762720108,512
RegressionVit,W2_10,vit_15M,version_2,0.007511998061090708,0.07183922082185745,512
RegressionVit,W2_10,vit_15M,version_3,0.0103041622787714,0.08075214177370071,512
RegressionVit,W2_10,vit_15M,version_4,0.02157035656273365,0.12254377454519272,512
RegressionVit,W2_10,vit_15M,version_0,0.01740669086575508,0.11011645942926407,64
RegressionVit,W2_10,vit_15M,version_1,3.1964409351348877,1.5442029237747192,64
RegressionVit,W2_10,vit_15M,version_2,0.3884629011154175,0.5998374223709106,64
RegressionVit,W2_10,vit_15M,version_3,1.775559425354004,1.0546600818634033,64
RegressionVit,W2_10,vit_15M,version_4,0.06683763116598129,0.23093095421791077,64
RegressionVit,W2_10,vit_1M,version_0,0.01807180419564247,0.11657222360372543,128
RegressionVit,W2_10,vit_1M,version_1,0.028346877545118332,0.14678806066513062,128
RegressionVit,W2_10,vit_1M,version_2,0.013527301140129566,0.09398249536752701,128
RegressionVit,W2_10,vit_1M,version_3,0.020971005782485008,0.12441878765821457,128
RegressionVit,W2_10,vit_1M,version_4,0.02687772549688816,0.14550116658210754,128
RegressionVit,W2_10,vit_1M,version_0,0.007356767542660236,0.06924491375684738,256
RegressionVit,W2_10,vit_1M,version_1,0.011362659744918346,0.08769503980875015,256
RegressionVit,W2_10,vit_1M,version_2,0.009310108609497547,0.07874385267496109,256
RegressionVit,W2_10,vit_1M,version_3,0.013071024790406227,0.09402715414762497,256
RegressionVit,W2_10,vit_1M,version_4,0.012270975857973099,0.09040885418653488,256
RegressionVit,W2_10,vit_1M,version_0,0.03970284014940262,0.1762344241142273,32
RegressionVit,W2_10,vit_1M,version_1,0.039868660271167755,0.18115967512130737,32
RegressionVit,W2_10,vit_1M,version_2,0.046566057950258255,0.20056164264678955,32
RegressionVit,W2_10,vit_1M,version_3,0.030659567564725876,0.1467934250831604,32
RegressionVit,W2_10,vit_1M,version_4,0.04416489601135254,0.19090822339057922,32
RegressionVit,W2_10,vit_1M,version_0,0.007189703173935413,0.06825429946184158,512
RegressionVit,W2_10,vit_1M,version_1,0.007844650186598301,0.07005781680345535,512
RegressionVit,W2_10,vit_1M,version_2,0.005926924757659435,0.0623575858771801,512
RegressionVit,W2_10,vit_1M,version_3,0.005948140751570463,0.06199650838971138,512
RegressionVit,W2_10,vit_1M,version_4,0.007699117064476013,0.06935399025678635,512
RegressionVit,W2_10,vit_1M,version_0,0.056017570197582245,0.2185920774936676,64
RegressionVit,W2_10,vit_1M,version_1,0.06057153642177582,0.20971012115478516,64
RegressionVit,W2_10,vit_1M,version_2,0.04929833114147186,0.18149077892303467,64
RegressionVit,W2_10,vit_1M,version_3,0.050648950040340424,0.18256109952926636,64
RegressionVit,W2_10,vit_1M,version_4,0.0471612773835659,0.19502967596054077,64
RegressionVit,W2_10,vit_500K,version_0,0.010587087832391262,0.08719164878129959,128
RegressionVit,W2_10,vit_500K,version_1,0.009351074695587158,0.08050230890512466,128
RegressionVit,W2_10,vit_500K,version_2,0.008718611672520638,0.07844909280538559,128
RegressionVit,W2_10,vit_500K,version_3,0.007910335436463356,0.07488543540239334,128
RegressionVit,W2_10,vit_500K,version_4,0.013373682275414467,0.10017336159944534,128
RegressionVit,W2_10,vit_500K,version_0,0.006664443761110306,0.07054971903562546,256
RegressionVit,W2_10,vit_500K,version_1,0.007151736877858639,0.07049008458852768,256
RegressionVit,W2_10,vit_500K,version_2,0.0069621410220861435,0.0699690654873848,256
RegressionVit,W2_10,vit_500K,version_3,0.006858413107693195,0.06996748596429825,256
RegressionVit,W2_10,vit_500K,version_4,0.006843132898211479,0.06998608261346817,256
RegressionVit,W2_10,vit_500K,version_0,0.013527646660804749,0.09962526708841324,32
RegressionVit,W2_10,vit_500K,version_1,0.00916344951838255,0.0806022509932518,32
RegressionVit,W2_10,vit_500K,version_2,0.016147296875715256,0.09920219331979752,32
RegressionVit,W2_10,vit_500K,version_3,0.022174082696437836,0.13123422861099243,32
RegressionVit,W2_10,vit_500K,version_4,0.0159064382314682,0.10525403171777725,32
RegressionVit,W2_10,vit_500K,version_0,0.005487637594342232,0.06319278478622437,512
RegressionVit,W2_10,vit_500K,version_1,0.005956645123660564,0.06419100612401962,512
RegressionVit,W2_10,vit_500K,version_2,0.0049279918894171715,0.06049772724509239,512
RegressionVit,W2_10,vit_500K,version_3,0.006519808899611235,0.06865986436605453,512
RegressionVit,W2_10,vit_500K,version_4,0.004469302017241716,0.0552038736641407,512
RegressionVit,W2_10,vit_500K,version_0,0.0207101721316576,0.12009014934301376,64
RegressionVit,W2_10,vit_500K,version_1,0.010175435803830624,0.08385402709245682,64
RegressionVit,W2_10,vit_500K,version_2,0.02468111552298069,0.1403413712978363,64
RegressionVit,W2_10,vit_500K,version_3,0.030537081882357597,0.15536931157112122,64
RegressionVit,W2_10,vit_500K,version_4,0.017968442291021347,0.11179140955209732,64
RegressionVit,W2_10,vit_5M,version_0,0.014133785851299763,0.09765893965959549,128
RegressionVit,W2_10,vit_5M,version_1,0.01284976489841938,0.09253858774900436,128
RegressionVit,W2_10,vit_5M,version_2,0.0213600043207407,0.12653252482414246,128
RegressionVit,W2_10,vit_5M,version_3,0.015754617750644684,0.10770414024591446,128
RegressionVit,W2_10,vit_5M,version_4,0.018331093713641167,0.11448978632688522,128
RegressionVit,W2_10,vit_5M,version_0,0.011817940510809422,0.09199012070894241,256
RegressionVit,W2_10,vit_5M,version_1,0.01697489805519581,0.10957273095846176,256
RegressionVit,W2_10,vit_5M,version_2,0.01037415862083435,0.08297664672136307,256
RegressionVit,W2_10,vit_5M,version_3,0.01045429427176714,0.08596033602952957,256
RegressionVit,W2_10,vit_5M,version_4,0.01077814307063818,0.08603619784116745,256
RegressionVit,W2_10,vit_5M,version_0,0.052073560655117035,0.1971089243888855,32
RegressionVit,W2_10,vit_5M,version_1,0.055232591927051544,0.20362243056297302,32
RegressionVit,W2_10,vit_5M,version_2,0.025632135570049286,0.13577011227607727,32
RegressionVit,W2_10,vit_5M,version_3,0.053289130330085754,0.1872078776359558,32
RegressionVit,W2_10,vit_5M,version_4,0.0517682284116745,0.2027997374534607,32
RegressionVit,W2_10,vit_5M,version_0,0.007660343311727047,0.07145368307828903,512
RegressionVit,W2_10,vit_5M,version_1,0.009023977443575859,0.07886780053377151,512
RegressionVit,W2_10,vit_5M,version_2,0.00598489586263895,0.06458961218595505,512
RegressionVit,W2_10,vit_5M,version_3,0.009198775514960289,0.08078867942094803,512
RegressionVit,W2_10,vit_5M,version_4,0.007884807884693146,0.07430722564458847,512
RegressionVit,W2_10,vit_5M,version_0,0.03550493344664574,0.15052363276481628,64
RegressionVit,W2_10,vit_5M,version_1,0.024672573432326317,0.12625902891159058,64
RegressionVit,W2_10,vit_5M,version_2,0.04320191219449043,0.1855768859386444,64
RegressionVit,W2_10,vit_5M,version_3,0.04932807758450508,0.1941038966178894,64
RegressionVit,W2_10,vit_5M,version_4,0.0254899300634861,0.12915802001953125,64
RegressionVit,W2_16,vit_15M,version_0,0.011238181963562965,0.09044751524925232,128
RegressionVit,W2_16,vit_15M,version_1,0.0037799859419465065,0.05184953659772873,128
RegressionVit,W2_16,vit_15M,version_2,0.008368454873561859,0.08023731410503387,128
RegressionVit,W2_16,vit_15M,version_3,0.0020407491829246283,0.03236895799636841,128
RegressionVit,W2_16,vit_15M,version_4,0.020732050761580467,0.13560236990451813,128
RegressionVit,W2_16,vit_15M,version_0,0.0020435310434550047,0.03316979855298996,256
RegressionVit,W2_16,vit_15M,version_1,0.0019646717701107264,0.03105374053120613,256
RegressionVit,W2_16,vit_15M,version_2,0.0021266008261591196,0.03766822814941406,256
RegressionVit,W2_16,vit_15M,version_3,0.005917904898524284,0.06352667510509491,256
RegressionVit,W2_16,vit_15M,version_4,0.0025791723746806383,0.0403318777680397,256
RegressionVit,W2_16,vit_15M,version_0,0.03718668222427368,0.15573672950267792,32
RegressionVit,W2_16,vit_15M,version_1,0.023784762248396873,0.13657121360301971,32
RegressionVit,W2_16,vit_15M,version_2,0.05708622932434082,0.16062329709529877,32
RegressionVit,W2_16,vit_15M,version_3,0.1001218855381012,0.2774164378643036,32
RegressionVit,W2_16,vit_15M,version_4,0.051918212324380875,0.17071320116519928,32
RegressionVit,W2_16,vit_15M,version_0,0.0013598769437521696,0.029672369360923767,512
RegressionVit,W2_16,vit_15M,version_1,0.0018853610381484032,0.03520157188177109,512
RegressionVit,W2_16,vit_15M,version_2,0.0010696941753849387,0.025262076407670975,512
RegressionVit,W2_16,vit_15M,version_3,0.0015027433400973678,0.03117770329117775,512
RegressionVit,W2_16,vit_15M,version_4,0.0023749214597046375,0.040618933737277985,512
RegressionVit,W2_16,vit_15M,version_0,0.07014693319797516,0.24755556881427765,64
RegressionVit,W2_16,vit_15M,version_1,0.05524326115846634,0.18947918713092804,64
RegressionVit,W2_16,vit_15M,version_2,0.02233256958425045,0.11575768887996674,64
RegressionVit,W2_16,vit_15M,version_3,0.03613355755805969,0.14671869575977325,64
RegressionVit,W2_16,vit_15M,version_4,0.04305721074342728,0.17068682610988617,64
RegressionVit,W2_16,vit_1M,version_0,0.013141569681465626,0.09546166658401489,128
RegressionVit,W2_16,vit_1M,version_1,0.00913738552480936,0.0800788551568985,128
RegressionVit,W2_16,vit_1M,version_2,0.08377359807491302,0.24975933134555817,128
RegressionVit,W2_16,vit_1M,version_3,0.013904068619012833,0.10349997878074646,128
RegressionVit,W2_16,vit_1M,version_4,0.05079609155654907,0.18146900832653046,128
RegressionVit,W2_16,vit_1M,version_0,0.010730727575719357,0.0879087746143341,256
RegressionVit,W2_16,vit_1M,version_1,0.010080070234835148,0.07357507944107056,256
RegressionVit,W2_16,vit_1M,version_2,0.008482730016112328,0.06886076927185059,256
RegressionVit,W2_16,vit_1M,version_3,0.00729142501950264,0.07457971572875977,256
RegressionVit,W2_16,vit_1M,version_4,0.008611060678958893,0.07188306748867035,256
RegressionVit,W2_16,vit_1M,version_0,0.07747942209243774,0.22791503369808197,32
RegressionVit,W2_16,vit_1M,version_1,0.6040877103805542,0.7718239426612854,32
RegressionVit,W2_16,vit_1M,version_2,0.18669168651103973,0.3898179829120636,32
RegressionVit,W2_16,vit_1M,version_3,0.016218893229961395,0.0990217924118042,32
RegressionVit,W2_16,vit_1M,version_4,0.06470053642988205,0.1791367381811142,32
RegressionVit,W2_16,vit_1M,version_0,0.005493463948369026,0.05586901307106018,512
RegressionVit,W2_16,vit_1M,version_1,0.0033049581106752157,0.04725424200296402,512
RegressionVit,W2_16,vit_1M,version_2,0.0038562677800655365,0.052093423902988434,512
RegressionVit,W2_16,vit_1M,version_3,0.018999891355633736,0.10698749125003815,512
RegressionVit,W2_16,vit_1M,version_4,0.007992152124643326,0.0747019499540329,512
RegressionVit,W2_16,vit_1M,version_0,0.186295747756958,0.38632461428642273,64
RegressionVit,W2_16,vit_1M,version_1,0.05697149038314819,0.20104022324085236,64
RegressionVit,W2_16,vit_1M,version_2,0.07053431868553162,0.21421168744564056,64
RegressionVit,W2_16,vit_1M,version_3,0.06890586763620377,0.23461173474788666,64
RegressionVit,W2_16,vit_1M,version_4,0.14055408537387848,0.34471920132637024,64
RegressionVit,W2_16,vit_500K,version_0,0.029189569875597954,0.15758781135082245,128
RegressionVit,W2_16,vit_500K,version_1,0.03078364208340645,0.1557331532239914,128
RegressionVit,W2_16,vit_500K,version_2,0.023499879986047745,0.14459644258022308,128
RegressionVit,W2_16,vit_500K,version_3,0.016051538288593292,0.10587790608406067,128
RegressionVit,W2_16,vit_500K,version_4,0.027096498757600784,0.15451045334339142,128
RegressionVit,W2_16,vit_500K,version_0,0.01617998443543911,0.11288754642009735,256
RegressionVit,W2_16,vit_500K,version_1,0.006696810480207205,0.07119821012020111,256
RegressionVit,W2_16,vit_500K,version_2,0.011499687097966671,0.09797081351280212,256
RegressionVit,W2_16,vit_500K,version_3,0.019272636622190475,0.12671665847301483,256
RegressionVit,W2_16,vit_500K,version_4,0.01317821629345417,0.10336151719093323,256
RegressionVit,W2_16,vit_500K,version_0,0.004654133226722479,0.05759808421134949,32
RegressionVit,W2_16,vit_500K,version_1,0.0361277312040329,0.16968993842601776,32
RegressionVit,W2_16,vit_500K,version_2,0.0429496094584465,0.1619470864534378,32
RegressionVit,W2_16,vit_500K,version_3,0.08079845458269119,0.23763082921504974,32
RegressionVit,W2_16,vit_500K,version_4,0.07998153567314148,0.23286010324954987,32
RegressionVit,W2_16,vit_500K,version_0,0.00521134352311492,0.06238555908203125,512
RegressionVit,W2_16,vit_500K,version_1,0.006411108188331127,0.06857457756996155,512
RegressionVit,W2_16,vit_500K,version_2,0.004793200641870499,0.05921261012554169,512
RegressionVit,W2_16,vit_500K,version_3,0.0056005604565143585,0.0649503767490387,512
RegressionVit,W2_16,vit_500K,version_4,0.005251575261354446,0.0617830827832222,512
RegressionVit,W2_16,vit_500K,version_0,0.02603636309504509,0.13947908580303192,64
RegressionVit,W2_16,vit_500K,version_1,0.027708545327186584,0.1604478508234024,64
RegressionVit,W2_16,vit_500K,version_2,0.007541094906628132,0.06358619779348373,64
RegressionVit,W2_16,vit_500K,version_3,0.013869637623429298,0.10542324185371399,64
RegressionVit,W2_16,vit_500K,version_4,0.017157653346657753,0.11194807291030884,64
RegressionVit,W2_16,vit_5M,version_0,0.007814303040504456,0.07462725043296814,128
RegressionVit,W2_16,vit_5M,version_1,0.007896022871136665,0.07485581934452057,128
RegressionVit,W2_16,vit_5M,version_2,0.007340166252106428,0.07979144155979156,128
RegressionVit,W2_16,vit_5M,version_3,0.00751793198287487,0.07022656500339508,128
RegressionVit,W2_16,vit_5M,version_4,0.007779333274811506,0.07899859547615051,128
RegressionVit,W2_16,vit_5M,version_0,0.00308781024068594,0.04820310324430466,256
RegressionVit,W2_16,vit_5M,version_1,0.004081269260495901,0.056858889758586884,256
RegressionVit,W2_16,vit_5M,version_2,0.005136528052389622,0.0636415183544159,256
RegressionVit,W2_16,vit_5M,version_3,0.006192310713231564,0.07146631181240082,256
RegressionVit,W2_16,vit_5M,version_4,0.0043327417224645615,0.05737389624118805,256
RegressionVit,W2_16,vit_5M,version_0,0.015948893502354622,0.11773054301738739,32
RegressionVit,W2_16,vit_5M,version_1,0.055118925869464874,0.14526839554309845,32
RegressionVit,W2_16,vit_5M,version_2,0.012158789671957493,0.09259805083274841,32
RegressionVit,W2_16,vit_5M,version_3,0.031057657673954964,0.13887248933315277,32
RegressionVit,W2_16,vit_5M,version_4,0.01687231846153736,0.11765486001968384,32
RegressionVit,W2_16,vit_5M,version_0,0.0023762949276715517,0.04115702211856842,512
RegressionVit,W2_16,vit_5M,version_1,0.0024796652141958475,0.04191766679286957,512
RegressionVit,W2_16,vit_5M,version_2,0.0027872568462044,0.04405564069747925,512
RegressionVit,W2_16,vit_5M,version_3,0.0022689190227538347,0.03923117369413376,512
RegressionVit,W2_16,vit_5M,version_4,0.0024328462313860655,0.04178732633590698,512
RegressionVit,W2_16,vit_5M,version_0,0.006480648647993803,0.06237463653087616,64
RegressionVit,W2_16,vit_5M,version_1,0.012800745666027069,0.09808723628520966,64
RegressionVit,W2_16,vit_5M,version_2,0.011626813560724258,0.08711281418800354,64
RegressionVit,W2_16,vit_5M,version_3,0.014603693969547749,0.10288678109645844,64
RegressionVit,W2_16,vit_5M,version_4,0.013551055453717709,0.10654552280902863,64
